city_key2,city,state,population,demand_weight,latitude,longitude
berlin,Berlin,Berlin,3782202,0.08748316466931048,52.5167,13.3833
hamburg,Hamburg,Hamburg,1910160,0.044182421199272306,53.55,10.0
stuttgart,Stuttgart,Baden-Württemberg,633484,0.014652624340892813,48.7761,9.1775
dusseldorf,Düsseldorf,Nordrhein-Westfalen,631217,0.01460018813195809,51.2311,6.7724
leipzig,Leipzig,Sachsen,619879,0.014337937696624219,51.35,12.3833
dortmund,Dortmund,Nordrhein-Westfalen,595471,0.013773375284767705,51.5139,7.4653
essen,Essen,Nordrhein-Westfalen,586608,0.013568372144146421,51.4508,7.0131
bremen,Bremen,Bremen,577026,0.01334673837528338,53.1153,8.7975
dresden,Dresden,Sachsen,566222,0.013096839477475376,51.0493,13.7384
hannover,Hannover,Niedersachsen,548186,0.012679662828006182,52.3744,9.7386
duisburg,Duisburg,Nordrhein-Westfalen,503707,0.011650853768805678,51.4322,6.7611
bochum,Bochum,Nordrhein-Westfalen,366385,0.00847456568617047,51.4833,7.2167
wuppertal,Wuppertal,Nordrhein-Westfalen,358938,0.008302314937190813,51.2667,7.1833
bielefeld,Bielefeld,Nordrhein-Westfalen,338410,0.00782749777926757,52.0167,8.5333
bonn,Bonn,Nordrhein-Westfalen,335789,0.00776687347242244,50.7339,7.0997
munster,Münster,Nordrhein-Westfalen,322904,0.007468840586615689,51.9625,7.6256
mannheim,Mannheim,Baden-Württemberg,316877,0.007329434750158003,49.4878,8.4661
karlsruhe,Karlsruhe,Baden-Württemberg,309964,0.0071695355387042135,49.0167,8.4
augsburg,Augsburg,Bayern,303150,0.007011926219038928,48.3717,10.8983
wiesbaden,Wiesbaden,Hessen,285522,0.006604186699364779,50.0825,8.24
monchengladbach,Mönchengladbach,Nordrhein-Westfalen,268943,0.006220710780560734,51.2,6.4333
gelsenkirchen,Gelsenkirchen,Nordrhein-Westfalen,265885,0.006149978567538068,51.5167,7.1
aachen,Aachen,Nordrhein-Westfalen,252769,0.005846602600891476,50.7762,6.0838
braunschweig,Braunschweig,Niedersachsen,252066,0.005830342056171092,52.2692,10.5211
chemnitz,Chemnitz,Sachsen,250681,0.005798306701352128,50.8333,12.9167
kiel,Kiel,Schleswig-Holstein,248873,0.005756487263436831,54.3233,10.1394
halle,Halle (Saale),Sachsen-Anhalt,242172,0.005601491658641251,51.4828,11.9697
magdeburg,Magdeburg,Sachsen-Anhalt,240114,0.0055538896657044805,52.1278,11.6292
freiburg im bei reisgau,Freiburg im Breisgau,Baden-Württemberg,237244,0.005487505934057963,47.9947,7.8497
krefeld,Krefeld,Nordrhein-Westfalen,228550,0.005286411800631196,51.3333,6.5667
mainz,Mainz,Rheinland-Pfalz,222889,0.005155471624724947,50.0,8.2711
lubeck,Lübeck,Schleswig-Holstein,219044,0.005066535928494683,53.8697,10.6864
erfurt,Erfurt,Thüringen,215675,0.004988610217025304,50.9787,11.0328
oberhausen,Oberhausen,Nordrhein-Westfalen,211099,0.0048827663299122505,51.4699,6.8514
rostock,Rostock,Mecklenburg-Vorpommern,210795,0.004875734743006139,54.0833,12.1333
kassel,Kassel,Hessen,204687,0.004734455358721495,51.3158,9.4979
hagen,Hagen,Nordrhein-Westfalen,190490,0.00440607562416205,51.3594,7.475
potsdam,Potsdam,Brandenburg,187119,0.004328103652252499,52.4,13.0667
saarbrucken,Saarbrücken,Saarland,183509,0.00424460355774242,49.2333,7.0
hamm,Hamm,Nordrhein-Westfalen,180761,0.004181041712946382,51.6667,7.8167
oldenburg,Oldenburg (Oldenburg),Niedersachsen,174629,0.004039207203379676,53.1439,8.2139
osnabruck,Osnabrück,Niedersachsen,166960,0.0038618215455409515,52.2789,8.0431
leverkusen,Leverkusen,Nordrhein-Westfalen,166414,0.003849192445374053,51.0333,6.9833
darmstadt,Darmstadt,Hessen,164792,0.003811675228394732,49.8667,8.65
heidelberg,Heidelberg,Baden-Württemberg,162960,0.0037693006651973735,49.4122,8.71
solingen,Solingen,Nordrhein-Westfalen,161545,0.003736571403775833,51.1667,7.0833
regensburg,Regensburg,Bayern,159465,0.003688460545997172,49.0167,12.0833
herne,Herne,Nordrhein-Westfalen,157896,0.0036521692306824035,51.5426,7.219
paderborn,Paderborn,Nordrhein-Westfalen,155749,0.0036025086481579877,51.7167,8.7667
neuss,Neuss,Nordrhein-Westfalen,155163,0.0035889543391876538,51.2003,6.6939
ingolstadt,Ingolstadt,Bayern,142308,0.0032916153599834796,48.7636,11.4261
furth,Fürth,Bayern,132032,0.0030539292183808272,49.4783,10.9903
heilbronn,Heilbronn,Baden-Württemberg,130093,0.0030090797216342775,49.1404,9.218
ulm,Ulm,Baden-Württemberg,129942,0.0030055870584013078,48.3984,9.9916
pforzheim,Pforzheim,Baden-Württemberg,128992,0.0029836133493197077,48.895,8.705
wurzburg,Würzburg,Bayern,128246,0.0029663582051356304,49.7944,9.9294
wolfsburg,Wolfsburg,Niedersachsen,127256,0.002943459287250595,52.4231,10.7872
gottingen,Göttingen,Niedersachsen,120261,0.0027816633977497626,51.5339,9.9356
bottrop,Bottrop,Nordrhein-Westfalen,118705,0.002745672775296111,51.5232,6.9253
reutlingen,Reutlingen,Baden-Württemberg,118528,0.0027415787263409073,48.4833,9.2167
erlangen,Erlangen,Bayern,117806,0.0027248787074388918,49.5964,11.0044
koblenz,Koblenz,Rheinland-Pfalz,115298,0.002666868115463468,50.3597,7.5978
bremerhaven,Bremerhaven,Bremen,114677,0.0026525042487901274,53.55,8.5833
remscheid,Remscheid,Nordrhein-Westfalen,112970,0.0026130209631035056,51.1906,7.2247
trier,Trier,Rheinland-Pfalz,112737,0.002607631621823492,49.7567,6.6414
bergisch gladbach,Bergisch Gladbach,Nordrhein-Westfalen,112660,0.0026058505948768785,50.9917,7.1367
recklinghausen,Recklinghausen,Nordrhein-Westfalen,111693,0.002583483672053818,51.6167,7.2
jena,Jena,Thüringen,110791,0.002562620213536341,50.9272,11.5864
moers,Moers,Nordrhein-Westfalen,105606,0.0024426900223909784,51.4592,6.6197
salzgitter,Salzgitter,Niedersachsen,105039,0.002429575187602276,52.1503,10.3593
hanau,Hanau,Hessen,103184,0.0023866686293429417,50.1328,8.9169
gutersloh,Gütersloh,Nordrhein-Westfalen,102464,0.0023700148708810974,51.9,8.3833
hildesheim,Hildesheim,Niedersachsen,102325,0.002366799770289158,52.15,9.95
siegen,Siegen,Nordrhein-Westfalen,102114,0.0023619192938510347,50.8756,8.0167
kaiserslautern,Kaiserslautern,Rheinland-Pfalz,101486,0.0023473935156370926,49.4447,7.7689
cottbus,Cottbus/Chóśebuz,Brandenburg,100010,0.0023132533107903122,51.7606,14.3342
schwerin,Schwerin,Mecklenburg-Vorpommern,98733,0.0022837160197406252,53.6333,11.4167
witten,Witten,Nordrhein-Westfalen,95724,0.0022141171875021686,51.4333,7.3333
giessen,Gießen,Hessen,94996,0.002197278387279637,50.5833,8.6667
ludwigsburg,Ludwigsburg,Baden-Württemberg,94859,0.0021941095471278696,48.8975,9.1919
gera,Gera,Thüringen,94847,0.002193831984486839,50.8782,12.0824
tubingen,Tübingen,Baden-Württemberg,93615,0.0021653355533410167,48.52,9.0556
duren,Düren,Nordrhein-Westfalen,93323,0.0021585815290759355,50.8,6.4833
flensburg,Flensburg,Schleswig-Holstein,92667,0.0021434081046995887,54.7819,9.4367
iserlohn,Iserlohn,Nordrhein-Westfalen,92404,0.0021373248568169988,51.3833,7.6667
villingen-schwenningen,Villingen-Schwenningen,Baden-Württemberg,89145,0.0020619434695570683,48.0603,8.4586
zwickau,Zwickau,Sachsen,87593,0.00202604536798376,50.7189,12.4961
ratingen,Ratingen,Nordrhein-Westfalen,87513,0.0020241949503768883,51.3,6.85
lunen,Lünen,Nordrhein-Westfalen,87266,0.0020184817860156726,51.6167,7.5167
konstanz,Konstanz,Baden-Württemberg,85770,0.001983878976767174,47.6633,9.1753
worms,Worms,Rheinland-Pfalz,85609,0.0019801550113333452,49.6319,8.3653
marl,Marl,Nordrhein-Westfalen,85001,0.0019660918375211216,51.6667,7.1167
minden,Minden,Nordrhein-Westfalen,83100,0.0019221212891378358,52.2883,8.9167
norderstedt,Norderstedt,Schleswig-Holstein,82719,0.00191330867528511,53.7064,10.0103
velbert,Velbert,Nordrhein-Westfalen,82462,0.001907364208723035,51.34,7.0416
bamberg,Bamberg,Bayern,80580,0.0018638331345213815,49.8917,10.8917
neumunster,Neumünster,Schleswig-Holstein,80185,0.0018546966975874534,54.0714,9.99
dessau-rosslau,Dessau-Roßlau,Sachsen-Anhalt,79686,0.001843154717764592,51.8333,12.2333
viersen,Viersen,Nordrhein-Westfalen,79250,0.001833069941807142,51.2556,6.3917
delmenhorst,Delmenhorst,Niedersachsen,78979,0.0018268016521638644,53.0506,8.6317
rheine,Rheine,Nordrhein-Westfalen,78220,0.0018092458151186706,52.2833,7.4333
marburg,Marburg,Hessen,78203,0.0018088526013772103,50.8167,8.7667
luneburg,Lüneburg,Niedersachsen,77511,0.0017928464890777712,53.2525,10.4144
dorsten,Dorsten,Nordrhein-Westfalen,76842,0.0017773723718403078,51.66,6.9642
troisdorf,Troisdorf,Nordrhein-Westfalen,76503,0.0017695312272311896,50.8161,7.1556
wilhelmshaven,Wilhelmshaven,Niedersachsen,76247,0.0017636098908892007,53.5167,8.1333
gladbeck,Gladbeck,Nordrhein-Westfalen,75799,0.0017532475522907198,51.5713,6.9827
landshut,Landshut,Bayern,75272,0.0017410579263054534,48.5397,12.1508
bayreuth,Bayreuth,Bayern,74907,0.0017326153959741019,49.9481,11.5783
detmold,Detmold,Nordrhein-Westfalen,74835,0.0017309500201279175,51.9378,8.8833
castrop-rauxel,Castrop-Rauxel,Nordrhein-Westfalen,74370,0.0017201944677879765,51.55,7.3167
arnsberg,Arnsberg,Nordrhein-Westfalen,74206,0.0017164011116938898,51.3967,8.0644
aschaffenburg,Aschaffenburg,Bayern,72918,0.0016866093882232577,49.9757,9.1478
bocholt,Bocholt,Nordrhein-Westfalen,72409,0.0016748361061995373,51.8333,6.6167
ludenscheid,Lüdenscheid,Nordrhein-Westfalen,71463,0.0016529549179982812,51.2198,7.6273
kempten,Kempten (Allgäu),Bayern,70713,0.0016356072529338603,47.7333,10.3167
fulda,Fulda,Hessen,70366,0.0016275810665640547,50.5528,9.6775
celle,Celle,Niedersachsen,70293,0.0016258925604977846,52.6256,10.0825
aalen,Aalen,Baden-Württemberg,69147,0.0015993853282793495,48.8372,10.0936
lippstadt,Lippstadt,Nordrhein-Westfalen,69047,0.00159707230627076,51.6667,8.35
dinslaken,Dinslaken,Nordrhein-Westfalen,67949,0.0015716753246164477,51.5667,6.7333
kerpen,Kerpen,Nordrhein-Westfalen,67627,0.0015642273937487897,50.8719,6.6961
herford,Herford,Nordrhein-Westfalen,67265,0.001555854254077696,52.1146,8.6734
neuwied,Neuwied,Rheinland-Pfalz,66243,0.0015322151691499117,50.4286,7.4614
weimar,Weimar,Thüringen,65611,0.0015175968700556262,50.9833,11.3167
sindelfingen,Sindelfingen,Baden-Württemberg,65504,0.0015151219365064357,48.7133,9.0028
plauen,Plauen,Sachsen,65218,0.0015085066935618698,50.495,12.1383
rosenheim,Rosenheim,Bayern,65192,0.0015079053078396365,47.8561,12.1289
dormagen,Dormagen,Nordrhein-Westfalen,65170,0.0015073964429977468,51.0964,6.84
grevenbroich,Grevenbroich,Nordrhein-Westfalen,64588,0.0014939346549077562,51.0883,6.5875
neubrandenburg,Neubrandenburg,Mecklenburg-Vorpommern,64390,0.0014893548713307491,53.5569,13.2608
friedrichshafen,Friedrichshafen,Baden-Württemberg,63441,0.001467404292469235,47.6542,9.4792
schwabisch gmund,Schwäbisch Gmünd,Baden-Württemberg,62726,0.0014508661851078207,48.8,9.8
herten,Herten,Nordrhein-Westfalen,62204,0.0014387922102229837,51.6,7.1333
offenburg,Offenburg,Baden-Württemberg,62195,0.0014385840382422105,48.4708,7.9408
bergheim,Bergheim,Nordrhein-Westfalen,62172,0.001438052043180235,50.9667,6.65
neu-ulm,Neu-Ulm,Bayern,61780,0.0014289849969065644,48.3833,10.0
garbsen,Garbsen,Niedersachsen,61594,0.001424682775970588,52.4183,9.5981
wesel,Wesel,Nordrhein-Westfalen,61277,0.0014173504962033594,51.6586,6.6178
hurth,Hürth,Nordrhein-Westfalen,61252,0.001416772240701212,50.8775,6.8761
euskirchen,Euskirchen,Nordrhein-Westfalen,60256,0.001393734541495661,50.6597,6.7917
unna,Unna,Nordrhein-Westfalen,60223,0.0013929712442328267,51.5347,7.6889
greifswald,Greifswald,Mecklenburg-Vorpommern,60071,0.0013894554507797707,54.0833,13.3833
langenfeld,Langenfeld (Rheinland),Nordrhein-Westfalen,59908,0.0013856852249057698,51.1167,6.95
stralsund,Stralsund,Mecklenburg-Vorpommern,59450,0.00137509158410643,54.3,13.0833
goppingen,Göppingen,Baden-Württemberg,59300,0.001371622051093546,48.7025,9.6528
frankfurt,Frankfurt (Oder),Brandenburg,58818,0.0013604732850121448,50.1136,8.6797
hameln,Hameln,Niedersachsen,57916,0.001339609826494668,52.1031,9.36
meerbusch,Meerbusch,Nordrhein-Westfalen,57440,0.001328599841733782,51.2667,6.6667
baden-baden,Baden-Baden,Baden-Württemberg,57420,0.0013281372373320642,48.7619,8.2408
lingen,Lingen (Ems),Niedersachsen,57075,0.0013201573114024305,52.5233,7.3172
gorlitz,Görlitz,Sachsen,56694,0.0013113446975497047,51.1528,14.9872
sankt augustin,Sankt Augustin,Nordrhein-Westfalen,56692,0.001311298437109533,50.77,7.1867
stolberg,Stolberg (Rhld.),Nordrhein-Westfalen,56584,0.0013088003733402564,50.7667,6.2333
pulheim,Pulheim,Nordrhein-Westfalen,56284,0.001301861307314488,51.0,6.8
eschweiler,Eschweiler,Nordrhein-Westfalen,56132,0.001298345513861432,50.8167,6.2833
waiblingen,Waiblingen,Baden-Württemberg,55917,0.0012933725165429647,48.8303,9.3169
langenhagen,Langenhagen,Niedersachsen,55746,0.0012894172489082768,52.4394,9.74
hilden,Hilden,Nordrhein-Westfalen,55689,0.0012880988263633808,51.1714,6.9394
nordhorn,Nordhorn,Niedersachsen,55619,0.0012864797109573682,52.4333,7.0667
schweinfurt,Schweinfurt,Bayern,55067,0.0012737118294699544,50.05,10.2333
wetzlar,Wetzlar,Hessen,54629,0.0012635807930723325,50.5667,8.5
hattingen,Hattingen,Nordrhein-Westfalen,54620,0.0012633726210915595,51.3992,7.1858
bad salzuflen,Bad Salzuflen,Nordrhein-Westfalen,54585,0.0012625630633885533,52.0875,8.7506
passau,Passau,Bayern,54401,0.0012583071028927485,48.5667,13.4667
kleve,Kleve,Nordrhein-Westfalen,53458,0.00123649530535175,51.79,6.14
ahlen,Ahlen,Nordrhein-Westfalen,53278,0.001232331865736289,51.7633,7.8911
frechen,Frechen,Nordrhein-Westfalen,53128,0.0012288623327234049,50.9167,6.8167
wolfenbuttel,Wolfenbüttel,Niedersachsen,53034,0.0012266880920353308,52.1622,10.5369
bad kreuznach,Bad Kreuznach,Rheinland-Pfalz,52989,0.0012256472321314656,49.8469,7.8669
ibbenburen,Ibbenbüren,Nordrhein-Westfalen,52688,0.0012186850358856113,52.2778,7.7167
boblingen,Böblingen,Baden-Württemberg,52093,0.001204922554934504,48.6833,9.0
gummersbach,Gummersbach,Nordrhein-Westfalen,51845,0.0011991862603532022,51.0333,7.5667
rastatt,Rastatt,Baden-Württemberg,51800,0.001198145400449337,48.8572,8.2031
ravensburg,Ravensburg,Baden-Württemberg,51788,0.0011978678378083063,47.7831,9.6114
peine,Peine,Niedersachsen,51521,0.0011916920690453723,52.3203,10.2336
speyer,Speyer,Rheinland-Pfalz,51203,0.001184336659058058,49.3194,8.4311
elmshorn,Elmshorn,Schleswig-Holstein,50728,0.001173349804517258,53.7547,9.6536
lorrach,Lörrach,Baden-Württemberg,50670,0.0011720082517522761,47.6156,7.6614
emden,Emden,Niedersachsen,50659,0.0011717538193313313,53.3669,7.2061
goslar,Goslar,Niedersachsen,50253,0.001162362949976458,51.906,10.4292
willich,Willich,Nordrhein-Westfalen,50212,0.0011614146109529364,51.2631,6.5492
gronau,Gronau (Westf.),Nordrhein-Westfalen,50151,0.001160003667527697,52.2125,7.0417
erftstadt,Erftstadt,Nordrhein-Westfalen,50018,0.0011569273482562729,50.8167,6.7667
freising,Freising,Bayern,49939,0.0011551000608694872,48.4028,11.7489
rheda-wiedenbruck,Rheda-Wiedenbrück,Nordrhein-Westfalen,49849,0.0011530183410617568,51.8417,8.3
leonberg,Leonberg,Baden-Württemberg,49845,0.0011529258201814132,48.8014,9.0131
straubing,Straubing,Bayern,49775,0.0011513067047754005,48.8772,12.5758
bad oeynhausen,Bad Oeynhausen,Nordrhein-Westfalen,49566,0.0011464724887774486,52.2,8.8
bergkamen,Bergkamen,Nordrhein-Westfalen,49475,0.001144367638749632,51.6167,7.6333
frankenthal,Frankenthal (Pfalz),Rheinland-Pfalz,49122,0.0011362026710593114,49.5333,8.35
bornheim,Bornheim,Nordrhein-Westfalen,49074,0.0011350924204951885,50.7592,7.005
cuxhaven,Cuxhaven,Niedersachsen,48713,0.0011267424110441805,53.8667,8.7
stade,Stade,Niedersachsen,48708,0.001126626759943751,53.6008,9.4764
alsdorf,Alsdorf,Nordrhein-Westfalen,48518,0.0011222320181274311,50.8744,6.1615
oranienburg,Oranienburg,Brandenburg,48492,0.0011216306324051978,52.7544,13.2369
dachau,Dachau,Bayern,48337,0.001118045448291884,48.2603,11.4342
soest,Soest,Nordrhein-Westfalen,48250,0.0011160331191444113,51.5711,8.1092
dulmen,Dülmen,Nordrhein-Westfalen,47937,0.0011087933602575263,51.8308,7.2783
melle,Melle,Niedersachsen,47387,0.0010960717392102842,52.2031,8.3361
oberursel,Oberursel (Taunus),Hessen,47241,0.0010926947270777437,50.2028,8.5769
neunkirchen,Neunkirchen,Saarland,47097,0.001089363975385375,49.3448,7.1799
herzogenrath,Herzogenrath,Nordrhein-Westfalen,47071,0.0010887625896631417,50.8667,6.1
bruchsal,Bruchsal,Baden-Württemberg,47014,0.0010874441671182456,49.1333,8.6
hof,Hof,Bayern,46963,0.0010862645258938651,50.3167,11.9167
albstadt,Albstadt,Baden-Württemberg,46831,0.001083211336842527,48.2119,9.0239
rodgau,Rodgau,Hessen,46683,0.0010797880642698147,50.0256,8.8841
schwerte,Schwerte,Nordrhein-Westfalen,46571,0.0010771974796201945,51.4458,7.5653
kaufbeuren,Kaufbeuren,Bayern,46386,0.001072918388904304,47.88,10.6225
gotha,Gotha,Thüringen,46300,0.001070929189976917,50.9489,10.7183
filderstadt,Filderstadt,Baden-Württemberg,46295,0.0010708135388764876,48.6667,9.2167
fellbach,Fellbach,Baden-Württemberg,46205,0.001068731819068757,48.8086,9.2758
memmingen,Memmingen,Bayern,46178,0.0010681073031264378,47.9878,10.1811
bunde,Bünde,Nordrhein-Westfalen,45891,0.001061468929961786,52.2,8.6
wittenberg,Wittenberg,Sachsen-Anhalt,45588,0.00105446047327576,51.8671,12.6484
bruhl,Brühl,Nordrhein-Westfalen,45515,0.0010527719672094897,50.8333,6.9
weinheim,Weinheim,Baden-Württemberg,45381,0.0010496725177179798,49.5561,8.6697
neustadt am rubenberge,Neustadt am Rübenberge,Niedersachsen,45325,0.0010483772253931697,52.5055,9.4636
lehrte,Lehrte,Niedersachsen,45097,0.0010431035352135858,52.3725,9.9769
falkensee,Falkensee,Brandenburg,45005,0.0010409755549656836,52.5583,13.0917
pinneberg,Pinneberg,Schleswig-Holstein,44756,0.0010352161301642958,53.6591,9.8009
erkelenz,Erkelenz,Nordrhein-Westfalen,44572,0.0010309601696684913,51.08,6.3156
kaarst,Kaarst,Nordrhein-Westfalen,44208,0.0010225407695572256,51.2278,6.6273
wismar,Wismar,Mecklenburg-Vorpommern,44022,0.0010182385486212492,53.8925,11.465
gifhorn,Gifhorn,Niedersachsen,43941,0.0010163650007942917,52.4886,10.5464
bietigheim-bissingen,Bietigheim-Bissingen,Baden-Württemberg,43808,0.0010132886815228679,48.9667,9.1333
erkrath,Erkrath,Nordrhein-Westfalen,43801,0.0010131267699822666,51.2239,6.9147
heinsberg,Heinsberg,Nordrhein-Westfalen,43620,0.0010089402001467196,51.0631,6.0964
borken,Borken,Nordrhein-Westfalen,43589,0.001008223163324057,51.8439,6.8583
nettetal,Nettetal,Nordrhein-Westfalen,43425,0.0010044298072299702,51.3167,6.2833
aurich,Aurich,Niedersachsen,43375,0.0010032732962256756,53.4714,7.4836
kamen,Kamen,Nordrhein-Westfalen,43001,0.0009946225939135508,51.5917,7.6653
eisenach,Eisenach,Thüringen,42817,0.0009903666334177463,50.9747,10.3244
schwabisch hall,Schwäbisch Hall,Baden-Württemberg,42743,0.00098865499713139,49.1122,9.7375
amberg,Amberg,Bayern,42676,0.0009871052723856352,49.4444,11.8483
laatzen,Laatzen,Niedersachsen,42560,0.0009844221668556714,52.3077,9.8133
homburg,Homburg,Saarland,42498,0.0009829880932103459,49.3167,7.3333
dreieich,Dreieich,Hessen,42389,0.0009804668992209834,50.0189,8.6961
ansbach,Ansbach,Bayern,42311,0.0009786627420542836,49.3,10.5833
kirchheim unter teck,Kirchheim unter Teck,Baden-Württemberg,42178,0.0009755864227828597,48.6483,9.4511
coburg,Coburg,Bayern,42139,0.0009746843441995098,50.2666,10.9666
siegburg,Siegburg,Nordrhein-Westfalen,42025,0.0009720474991097178,50.8014,7.2044
germering,Germering,Bayern,41822,0.0009673520644322812,48.1333,11.3667
bensheim,Bensheim,Hessen,41758,0.000965871730346784,49.6811,8.6228
eberswalde,Eberswalde,Brandenburg,41704,0.0009646226984621457,52.8331,13.8331
wunstorf,Wunstorf,Niedersachsen,41666,0.0009637437500988816,52.4238,9.4359
konigswinter,Königswinter,Nordrhein-Westfalen,41642,0.0009631886248168203,50.6833,7.1833
huckelhoven,Hückelhoven,Nordrhein-Westfalen,41594,0.0009620783742526973,51.0608,6.2197
nurtingen,Nürtingen,Baden-Württemberg,41447,0.0009586782319000708,48.6267,9.3353
schwabach,Schwabach,Bayern,41380,0.0009571285071543158,49.3292,11.0208
buxtehude,Buxtehude,Niedersachsen,41256,0.000954260359863665,53.4769,9.7011
nordhausen,Nordhausen,Thüringen,41233,0.0009537283648016893,51.505,10.7911
freiberg,Freiberg,Sachsen,41045,0.0009493798834255411,50.9119,13.3428
pirmasens,Pirmasens,Rheinland-Pfalz,40941,0.0009469743405366082,49.2,7.6
schorndorf,Schorndorf,Baden-Württemberg,40614,0.0009394107585685206,48.8,9.5333
ahaus,Ahaus,Nordrhein-Westfalen,40580,0.0009386243310856002,52.0794,7.0134
lemgo,Lemgo,Nordrhein-Westfalen,40531,0.0009374909503013914,52.0277,8.9043
leinfelden-echterdingen,Leinfelden-Echterdingen,Baden-Württemberg,40526,0.0009373752992009619,48.6928,9.1428
volklingen,Völklingen,Saarland,40358,0.0009334894222265316,49.25,6.8333
lohne,Löhne,Nordrhein-Westfalen,40162,0.0009289558990896963,52.2,8.7
halberstadt,Halberstadt,Sachsen-Anhalt,40069,0.0009268047886217081,51.8958,11.0467
langen,Langen (Hessen),Hessen,40009,0.0009254169754165545,49.9893,8.6803
ostfildern,Ostfildern,Baden-Württemberg,39833,0.000921346056681437,48.7228,9.2631
ettlingen,Ettlingen,Baden-Württemberg,39763,0.0009197269412754244,48.9333,8.4
maintal,Maintal,Hessen,39698,0.0009182234769698412,50.15,8.8333
freital,Freital,Sachsen,39477,0.0009131116983308585,51.0167,13.65
niederkassel,Niederkassel,Nordrhein-Westfalen,39424,0.0009118857966663061,50.8167,7.0333
pirna,Pirna,Sachsen,39303,0.0009090870400359129,50.9622,13.9403
mettmann,Mettmann,Nordrhein-Westfalen,39197,0.000906635236706808,51.25,6.9667
weissenfels,Weißenfels,Sachsen-Anhalt,39181,0.0009062651531854338,51.2,11.9667
ilmenau,Ilmenau,Thüringen,39147,0.0009054787257025133,50.6872,10.9142
konigs wusterhausen,Königs Wusterhausen,Brandenburg,39096,0.0009042990844781327,52.2917,13.625
stendal,Stendal,Sachsen-Anhalt,38946,0.0009008295514652486,52.6,11.85
papenburg,Papenburg,Niedersachsen,38841,0.0008984008783562296,53.0667,7.4
wurselen,Würselen,Nordrhein-Westfalen,38750,0.0008962960283284133,50.8247,6.1275
kamp-lintfort,Kamp-Lintfort,Nordrhein-Westfalen,38731,0.0008958565541467812,51.5,6.5333
kehl,Kehl,Baden-Württemberg,38721,0.0008956252519459223,48.5711,7.8089
wesseling,Wesseling,Nordrhein-Westfalen,38355,0.0008871595913944849,50.8207,6.9786
greven,Greven,Nordrhein-Westfalen,38321,0.0008863731639115644,52.0917,7.6083
furstenfeldbruck,Fürstenfeldbruck,Bayern,38187,0.0008832737144200546,48.1778,11.2556
backnang,Backnang,Baden-Württemberg,38184,0.0008832043237597969,48.9464,9.4306
bautzen,Bautzen / Budyšin,Sachsen,38039,0.0008798504418473422,51.1814,14.4239
warendorf,Warendorf,Nordrhein-Westfalen,37847,0.0008754094395908504,51.9539,7.9933
tuttlingen,Tuttlingen,Baden-Württemberg,37784,0.0008739522357254391,47.985,8.8233
beckum,Beckum,Nordrhein-Westfalen,37452,0.0008662730026569221,51.7558,8.0408
cloppenburg,Cloppenburg,Niedersachsen,37280,0.0008622946048021482,52.8478,8.0439
coesfeld,Coesfeld,Nordrhein-Westfalen,37259,0.0008618088701803445,51.9458,7.1675
erding,Erding,Bayern,37169,0.000859727150372614,48.3001,11.9082
suhl,Suhl,Thüringen,36986,0.0008554943200968952,50.6106,10.6931
sinsheim,Sinsheim,Baden-Württemberg,36978,0.0008553092783362081,49.25,8.8833
muhlhausen,Mühlhausen/Thüringen,Thüringen,36641,0.0008475143941672616,51.2167,10.45
emsdetten,Emsdetten,Nordrhein-Westfalen,36556,0.0008455483254599606,52.1728,7.5344
winsen,Winsen (Luhe),Niedersachsen,36499,0.0008442299029150646,53.3667,10.2167
porta westfalica,Porta Westfalica,Nordrhein-Westfalen,36300,0.0008396269891179717,52.2167,8.9333
crailsheim,Crailsheim,Baden-Württemberg,36239,0.0008382160456927321,49.1347,10.0706
meppen,Meppen,Niedersachsen,36137,0.0008358567632439708,52.6906,7.291
bad vilbel,Bad Vilbel,Hessen,36021,0.000833173657714007,50.1781,8.7361
deggendorf,Deggendorf,Bayern,35757,0.0008270672796113308,48.8353,12.9644
goch,Goch,Nordrhein-Westfalen,35520,0.0008215854174509739,51.6839,6.1619
steinfurt,Steinfurt,Nordrhein-Westfalen,35456,0.0008201050833654766,52.1504,7.3366
morfelden-walldorf,Mörfelden-Walldorf,Hessen,35359,0.0008178614520171449,49.9896,8.5661
lage,Lage,Nordrhein-Westfalen,35311,0.0008167512014530219,51.9833,8.8
dietzenbach,Dietzenbach,Hessen,35268,0.0008157566019893284,50.0086,8.7756
datteln,Datteln,Nordrhein-Westfalen,35200,0.0008141837470234877,51.6539,7.3417
leer,Leer (Ostfriesland),Niedersachsen,35163,0.0008133279288803096,53.2308,7.4528
balingen,Balingen,Baden-Württemberg,35054,0.000810806734890947,48.2731,8.8506
barsinghausen,Barsinghausen,Niedersachsen,34955,0.0008085168431024434,52.3031,9.4606
saarlouis,Saarlouis,Saarland,34893,0.000807082769457118,49.3167,6.75
kempen,Kempen,Nordrhein-Westfalen,34888,0.0008069671183566885,51.3658,6.4194
seelze,Seelze,Niedersachsen,34798,0.000804885398548958,52.3961,9.5981
merseburg,Merseburg,Sachsen-Anhalt,34721,0.0008031043716023442,51.3544,11.9928
wermelskirchen,Wermelskirchen,Nordrhein-Westfalen,34673,0.0008019941210382212,51.1392,7.2051
wedel,Wedel,Schleswig-Holstein,34617,0.0008006988287134111,53.5833,9.7
zweibrucken,Zweibrücken,Rheinland-Pfalz,34613,0.0008006063078330676,49.2494,7.3608
geldern,Geldern,Nordrhein-Westfalen,34604,0.0008003981358522945,51.5197,6.3325
ahrensburg,Ahrensburg,Schleswig-Holstein,34601,0.0008003287451920368,53.6747,10.2411
viernheim,Viernheim,Hessen,34348,0.0007944767995103055,49.538,8.5792
korschenbroich,Korschenbroich,Nordrhein-Westfalen,34324,0.000793921674228244,51.1833,6.5167
kornwestheim,Kornwestheim,Baden-Württemberg,34177,0.0007905215318756175,48.8597,9.185
vechta,Vechta,Niedersachsen,34145,0.0007897813648328689,52.7306,8.2886
uelzen,Uelzen,Niedersachsen,33991,0.0007862193109396411,52.9647,10.5658
hemer,Hemer,Nordrhein-Westfalen,33916,0.000784484544433199,51.3833,7.7667
rheinfelden,Rheinfelden (Baden),Baden-Württemberg,33849,0.0007829348196874441,47.5611,7.7917
bad nauheim,Bad Nauheim,Hessen,33809,0.0007820096108840084,50.3667,8.75
radebeul,Radebeul,Sachsen,33804,0.0007818939597835789,51.1033,13.67
schwedt,Schwedt/Oder,Brandenburg,33635,0.0007779849525890627,53.0631,14.2831
forchheim,Forchheim,Bayern,33610,0.0007774066970869153,49.7197,11.0581
julich,Jülich,Nordrhein-Westfalen,33359,0.0007716010118453558,50.9222,6.3583
lampertheim,Lampertheim,Hessen,33053,0.000764523164499072,49.5942,8.4671
herrenberg,Herrenberg,Baden-Württemberg,32961,0.0007623951842511698,48.5967,8.8708
achim,Achim,Niedersachsen,32961,0.0007623951842511698,53.013,9.033
delbruck,Delbrück,Nordrhein-Westfalen,32874,0.0007603828551036969,51.7667,8.5667
furstenwalde,Fürstenwalde/Spree,Brandenburg,32763,0.0007578154006741627,52.3667,14.0667
geesthacht,Geesthacht,Schleswig-Holstein,32763,0.0007578154006741627,53.4381,10.3747
radolfzell am bei odensee,Radolfzell am Bodensee,Baden-Württemberg,32575,0.0007534669192980145,47.7369,8.9697
nienburg,Nienburg (Weser),Niedersachsen,32423,0.0007499511258449585,52.6461,9.2208
naumburg,Naumburg (Saale),Sachsen-Anhalt,32336,0.0007479387966974857,51.1521,11.8098
itzehoe,Itzehoe,Schleswig-Holstein,32319,0.0007475455829560254,53.925,9.5164
bernburg,Bernburg (Saale),Sachsen-Anhalt,32106,0.0007426188460777299,51.8,11.7333
georgsmarienhutte,Georgsmarienhütte,Niedersachsen,32022,0.0007406759075905148,52.2031,8.0447
wernigerode,Wernigerode,Sachsen-Anhalt,31943,0.0007388486202037292,51.835,10.7853
oer-erkenschwick,Oer-Erkenschwick,Nordrhein-Westfalen,31918,0.0007382703647015817,51.6422,7.2508
neuruppin,Neuruppin,Brandenburg,31803,0.0007356103893917039,52.9222,12.8
bramsche,Bramsche,Niedersachsen,31801,0.0007355641289515321,52.4089,7.9728
altenburg,Altenburg,Thüringen,31580,0.0007304523503125494,50.985,12.4333
hoyerswerda,Hoyerswerda / Wojerecy,Sachsen,31404,0.000726381431577432,51.4331,14.25
burgdorf,Burgdorf,Niedersachsen,31302,0.0007240221491286707,52.45,10.0083
kreuztal,Kreuztal,Nordrhein-Westfalen,31251,0.0007228425079042901,50.962,8.0064
gevelsberg,Gevelsberg,Nordrhein-Westfalen,31198,0.0007216166062397377,51.3265,7.3559
friedberg,Friedberg (Hessen),Hessen,31131,0.0007200668814939827,48.35,10.9833
rheinberg,Rheinberg,Nordrhein-Westfalen,31096,0.0007192573237909765,51.5467,6.6006
weil am rhein,Weil am Rhein,Baden-Württemberg,31065,0.0007185402869683137,47.5947,7.6108
werl,Werl,Nordrhein-Westfalen,30938,0.0007156027490174051,51.5528,7.9139
lohmar,Lohmar,Nordrhein-Westfalen,30894,0.0007145850193336257,50.8415,7.2166
taunusstein,Taunusstein,Hessen,30820,0.0007128733830472695,50.1435,8.1606
bad hersfeld,Bad Hersfeld,Hessen,30770,0.0007117168720429749,50.8683,9.7067
einbeck,Einbeck,Niedersachsen,30725,0.0007106760121391096,51.8167,9.8667
osterholz-scharmbeck,Osterholz-Scharmbeck,Niedersachsen,30717,0.0007104909703784224,53.2269,8.7947
haan,Haan,Nordrhein-Westfalen,30558,0.0007068132653847652,51.1931,7.0131
rendsburg,Rendsburg,Schleswig-Holstein,30545,0.0007065125725236486,54.3044,9.6644
ennepetal,Ennepetal,Nordrhein-Westfalen,30502,0.0007055179730599551,51.3021,7.3425
rietberg,Rietberg,Nordrhein-Westfalen,30461,0.0007045696340364334,51.8,8.4333
andernach,Andernach,Rheinland-Pfalz,30408,0.0007033437323718811,50.4397,7.4017
schonebeck,Schönebeck (Elbe),Sachsen-Anhalt,30402,0.0007032049510513656,52.0167,11.75
schwandorf,Schwandorf,Bayern,30239,0.0006994347251773649,49.3236,12.0993
gaggenau,Gaggenau,Baden-Württemberg,30190,0.000698301344393156,48.8039,8.3194
bretten,Bretten,Baden-Württemberg,30136,0.0006970523125085177,49.0364,8.7061
merzig,Merzig,Saarland,30070,0.0006955257179828486,49.4471,6.6312
